content,tone
Sup! Just wanted to say hey.,informal
Can you believe what happened yesterday?,informal
Yo! That idea was lit ðŸ˜‚,informal
The report looks fine.,neutral
We acknowledge receipt of your query and will respond shortly.,formal
Sup! Just wanted to say hey.,informal
Wanna meet up later?,informal
Meeting scheduled for 3 PM tomorrow.,neutral
Yo! That idea was lit ðŸ˜‚,informal
What's up? Got a sec to look over this?,informal
"Haha, I knew you'd love that one!",informal
"Hey, just sent you the doc you asked for.",informal
The file has been uploaded to the shared folder.,neutral
We thank you for your continued support and collaboration.,formal
Kindly find the requested information attached for your perusal.,formal
We thank you for your continued support and collaboration.,formal
Catch you on the flip side.,informal
The report looks fine.,neutral
"Thanks a bunch, you're the best!",informal
We acknowledge receipt of your query and will respond shortly.,formal
"Noted, will proceed accordingly.",neutral
We acknowledge receipt of your query and will respond shortly.,formal
Meeting scheduled for 3 PM tomorrow.,neutral
The file has been uploaded to the shared folder.,formal
Thank you for bringing this matter to our attention.,formal
Wanna meet up later?,informal
Wanna meet up later?,informal
We acknowledge receipt of your query and will respond shortly.,formal
Thanks for the update.,neutral
"Hey, just sent you the doc you asked for.",informal
"Noted, will proceed accordingly.",neutral
Please be informed that your appointment is scheduled for next Friday.,formal
"Haha, I knew you'd love that one!",informal
Please confirm if received.,neutral
"Ugh, Mondays... Am I right?",informal
No issues found during the check.,neutral
"Haha, I knew you'd love that one!",informal
Thanks for the update.,neutral
Wanna meet up later?,informal
We would appreciate your confirmation at the earliest convenience.,formal
The file has been uploaded to the shared folder.,neutral
Thanks for the update.,neutral
Wanna meet up later?,informal
It would be greatly appreciated if you could adhere to the deadline.,neutral
Enclosed herewith is the invoice for the aforementioned services.,informal
Can you believe what happened yesterday?,informal
Thanks for the update.,neutral
Yo! That idea was lit ðŸ˜‚,informal
The document has been submitted.,neutral
Can you believe what happened yesterday?,formal
Please be informed that your appointment is scheduled for next Friday.,formal
We acknowledge receipt of your query and will respond shortly.,neutral
Enclosed herewith is the invoice for the aforementioned services.,formal
What's up? Got a sec to look over this?,informal
We would appreciate your confirmation at the earliest convenience.,neutral
Please ensure all fields are completed before submission.,formal
Please be informed that your appointment is scheduled for next Friday.,informal
No issues found during the check.,neutral
The document has been submitted.,formal
No issues found during the check.,neutral
"Haha, I knew you'd love that one!",informal
"Thanks a bunch, you're the best!",informal
Thanks for the update.,neutral
"Ugh, Mondays... Am I right?",informal
What's up? Got a sec to look over this?,informal
Please ensure all fields are completed before submission.,formal
Thank you for bringing this matter to our attention.,formal
We thank you for your continued support and collaboration.,formal
"Ugh, Mondays... Am I right?",informal
"Thanks a bunch, you're the best!",informal
Please be informed that your appointment is scheduled for next Friday.,neutral
Thanks for the update.,neutral
"Ugh, Mondays... Am I right?",informal
Can you believe what happened yesterday?,informal
Sup! Just wanted to say hey.,informal
"Hey, just sent you the doc you asked for.",informal
I'll get back to you after reviewing this.,neutral
We would appreciate your confirmation at the earliest convenience.,formal
The document has been submitted.,informal
No issues found during the check.,neutral
"Thanks a bunch, you're the best!",informal
"Haha, I knew you'd love that one!",informal
Thank you for bringing this matter to our attention.,formal
What's up? Got a sec to look over this?,informal
Thanks for the update.,neutral
The document has been submitted.,neutral
We acknowledge receipt of your query and will respond shortly.,informal
Your feedback regarding the recent updates is highly valuable.,formal
What's up? Got a sec to look over this?,informal
"Thanks a bunch, you're the best!",informal
Please ensure all fields are completed before submission.,formal
"Ugh, Mondays... Am I right?",informal
We thank you for your continued support and collaboration.,formal
Sup! Just wanted to say hey.,informal
Catch you on the flip side.,informal
"Noted, will proceed accordingly.",neutral
Your message has been received.,neutral
"Hey, just sent you the doc you asked for.",informal
Enclosed herewith is the invoice for the aforementioned services.,formal
It would be greatly appreciated if you could adhere to the deadline.,formal
Please confirm if received.,neutral
No issues found during the check.,informal
We acknowledge receipt of your query and will respond shortly.,formal
Thanks for the update.,neutral
It would be greatly appreciated if you could adhere to the deadline.,formal
The report looks fine.,neutral
Catch you on the flip side.,informal
Thanks for the update.,formal
We acknowledge receipt of your query and will respond shortly.,formal
Yo! That idea was lit ðŸ˜‚,neutral
Enclosed herewith is the invoice for the aforementioned services.,formal
Sup! Just wanted to say hey.,informal
No issues found during the check.,neutral
Wanna meet up later?,formal
No issues found during the check.,neutral
Can you believe what happened yesterday?,informal
Enclosed herewith is the invoice for the aforementioned services.,formal
I'll get back to you after reviewing this.,neutral
We thank you for your continued support and collaboration.,formal
We acknowledge receipt of your query and will respond shortly.,formal
What's up? Got a sec to look over this?,informal
Please ensure all fields are completed before submission.,formal
Yo! That idea was lit ðŸ˜‚,informal
Catch you on the flip side.,informal
"Noted, will proceed accordingly.",neutral
Meeting scheduled for 3 PM tomorrow.,neutral
"Ugh, Mondays... Am I right?",informal
Thanks for the update.,neutral
"Thanks a bunch, you're the best!",informal
No issues found during the check.,neutral
Enclosed herewith is the invoice for the aforementioned services.,formal
I'll get back to you after reviewing this.,neutral
Kindly find the requested information attached for your perusal.,formal
The document has been submitted.,neutral
Can you believe what happened yesterday?,informal
Your feedback regarding the recent updates is highly valuable.,informal
Please confirm if received.,neutral
"Hey, just sent you the doc you asked for.",informal
The file has been uploaded to the shared folder.,neutral
No issues found during the check.,neutral
"Thanks a bunch, you're the best!",informal
Catch you on the flip side.,informal
Catch you on the flip side.,informal
"Thanks a bunch, you're the best!",informal
Meeting scheduled for 3 PM tomorrow.,neutral
Thank you for bringing this matter to our attention.,formal
We thank you for your continued support and collaboration.,formal
"Hey, just sent you the doc you asked for.",informal
"Ugh, Mondays... Am I right?",informal
"Noted, will proceed accordingly.",neutral
"Noted, will proceed accordingly.",neutral
The document has been submitted.,neutral
We thank you for your continued support and collaboration.,formal
Catch you on the flip side.,informal
No issues found during the check.,neutral
"Ugh, Mondays... Am I right?",neutral
I'll get back to you after reviewing this.,neutral
"Thanks a bunch, you're the best!",informal
Wanna meet up later?,informal
Yo! That idea was lit ðŸ˜‚,informal
We would appreciate your confirmation at the earliest convenience.,formal
The file has been uploaded to the shared folder.,neutral
What's up? Got a sec to look over this?,informal
Your message has been received.,informal
Yo! That idea was lit ðŸ˜‚,informal
Wanna meet up later?,informal
Your message has been received.,neutral
It would be greatly appreciated if you could adhere to the deadline.,formal
Catch you on the flip side.,neutral
What's up? Got a sec to look over this?,informal
Can you believe what happened yesterday?,formal
Your feedback regarding the recent updates is highly valuable.,formal
Meeting scheduled for 3 PM tomorrow.,neutral
Please confirm if received.,neutral
Meeting scheduled for 3 PM tomorrow.,informal
We would appreciate your confirmation at the earliest convenience.,formal
Sup! Just wanted to say hey.,informal
No issues found during the check.,neutral
Can you believe what happened yesterday?,informal
No issues found during the check.,neutral
Please be informed that your appointment is scheduled for next Friday.,formal
Your message has been received.,neutral
Wanna meet up later?,informal
Wanna meet up later?,informal
We thank you for your continued support and collaboration.,neutral
What's up? Got a sec to look over this?,informal
Sup! Just wanted to say hey.,informal
"Thanks a bunch, you're the best!",informal
It would be greatly appreciated if you could adhere to the deadline.,formal
We acknowledge receipt of your query and will respond shortly.,formal
We acknowledge receipt of your query and will respond shortly.,formal
Meeting scheduled for 3 PM tomorrow.,neutral
"Ugh, Mondays... Am I right?",informal
Sup! Just wanted to say hey.,informal
Enclosed herewith is the invoice for the aforementioned services.,formal
Your message has been received.,neutral
Your feedback regarding the recent updates is highly valuable.,formal
Please be informed that your appointment is scheduled for next Friday.,formal
Your message has been received.,neutral
"Ugh, Mondays... Am I right?",informal
The document has been submitted.,neutral
Your feedback regarding the recent updates is highly valuable.,formal
Yo! That idea was lit ðŸ˜‚,informal
Meeting scheduled for 3 PM tomorrow.,neutral
It would be greatly appreciated if you could adhere to the deadline.,formal
"Hey, just sent you the doc you asked for.",informal
Kindly find the requested information attached for your perusal.,formal
The document has been submitted.,neutral
"Thanks a bunch, you're the best!",informal
Can you believe what happened yesterday?,informal
Kindly find the requested information attached for your perusal.,informal
"Thanks a bunch, you're the best!",informal
Kindly find the requested information attached for your perusal.,formal
I'll get back to you after reviewing this.,neutral
What's up? Got a sec to look over this?,informal
Can you believe what happened yesterday?,informal
We thank you for your continued support and collaboration.,formal
"Noted, will proceed accordingly.",neutral
Thank you for bringing this matter to our attention.,neutral
"Thanks a bunch, you're the best!",informal
Meeting scheduled for 3 PM tomorrow.,neutral
The report looks fine.,neutral
We acknowledge receipt of your query and will respond shortly.,formal
We would appreciate your confirmation at the earliest convenience.,formal
Your message has been received.,neutral
Meeting scheduled for 3 PM tomorrow.,neutral
Enclosed herewith is the invoice for the aforementioned services.,formal
I'll get back to you after reviewing this.,neutral
It would be greatly appreciated if you could adhere to the deadline.,formal
Thank you for bringing this matter to our attention.,formal
Please confirm if received.,neutral
Your message has been received.,neutral
The document has been submitted.,neutral
We acknowledge receipt of your query and will respond shortly.,formal
No issues found during the check.,neutral
The document has been submitted.,neutral
The report looks fine.,neutral
"Thanks a bunch, you're the best!",informal
Enclosed herewith is the invoice for the aforementioned services.,formal
Meeting scheduled for 3 PM tomorrow.,neutral
"Hey, just sent you the doc you asked for.",neutral
The document has been submitted.,neutral
What's up? Got a sec to look over this?,informal
No issues found during the check.,formal
No issues found during the check.,neutral
We acknowledge receipt of your query and will respond shortly.,formal
Can you believe what happened yesterday?,informal
"Haha, I knew you'd love that one!",informal
It would be greatly appreciated if you could adhere to the deadline.,formal
Thanks for the update.,neutral
"Hey, just sent you the doc you asked for.",informal
We would appreciate your confirmation at the earliest convenience.,formal
The report looks fine.,neutral
We thank you for your continued support and collaboration.,formal
No issues found during the check.,neutral
"Hey, just sent you the doc you asked for.",informal
Please be informed that your appointment is scheduled for next Friday.,formal
Meeting scheduled for 3 PM tomorrow.,neutral
Can you believe what happened yesterday?,informal
The report looks fine.,neutral
Please ensure all fields are completed before submission.,formal
It would be greatly appreciated if you could adhere to the deadline.,formal
Thank you for bringing this matter to our attention.,formal
Kindly find the requested information attached for your perusal.,formal
Can you believe what happened yesterday?,informal
What's up? Got a sec to look over this?,informal
Can you believe what happened yesterday?,informal
The file has been uploaded to the shared folder.,neutral
The file has been uploaded to the shared folder.,neutral
"Thanks a bunch, you're the best!",informal
"Haha, I knew you'd love that one!",informal
Yo! That idea was lit ðŸ˜‚,informal
Wanna meet up later?,informal
"Noted, will proceed accordingly.",neutral
We would appreciate your confirmation at the earliest convenience.,formal
What's up? Got a sec to look over this?,informal
Your feedback regarding the recent updates is highly valuable.,formal
Yo! That idea was lit ðŸ˜‚,neutral
Please be informed that your appointment is scheduled for next Friday.,formal
"Noted, will proceed accordingly.",neutral
Sup! Just wanted to say hey.,informal
Please confirm if received.,neutral
Please be informed that your appointment is scheduled for next Friday.,formal
Your message has been received.,neutral
It would be greatly appreciated if you could adhere to the deadline.,formal
We would appreciate your confirmation at the earliest convenience.,formal
The report looks fine.,neutral
Please be informed that your appointment is scheduled for next Friday.,formal
Please confirm if received.,neutral
We thank you for your continued support and collaboration.,formal
Your feedback regarding the recent updates is highly valuable.,formal
Wanna meet up later?,informal
It would be greatly appreciated if you could adhere to the deadline.,formal
Meeting scheduled for 3 PM tomorrow.,neutral
The report looks fine.,neutral
No issues found during the check.,neutral
Yo! That idea was lit ðŸ˜‚,informal
"Thanks a bunch, you're the best!",informal
Meeting scheduled for 3 PM tomorrow.,neutral
Catch you on the flip side.,informal
"Haha, I knew you'd love that one!",informal
"Ugh, Mondays... Am I right?",informal
Thanks for the update.,neutral
It would be greatly appreciated if you could adhere to the deadline.,formal
"Hey, just sent you the doc you asked for.",informal
Wanna meet up later?,informal
Thanks for the update.,neutral
I'll get back to you after reviewing this.,neutral
The file has been uploaded to the shared folder.,neutral
Enclosed herewith is the invoice for the aforementioned services.,informal
"Noted, will proceed accordingly.",neutral
"Ugh, Mondays... Am I right?",informal
Catch you on the flip side.,informal
Meeting scheduled for 3 PM tomorrow.,neutral
We would appreciate your confirmation at the earliest convenience.,formal
The report looks fine.,neutral
The document has been submitted.,neutral
"Noted, will proceed accordingly.",neutral
Sup! Just wanted to say hey.,informal
We thank you for your continued support and collaboration.,formal
"Ugh, Mondays... Am I right?",informal
We thank you for your continued support and collaboration.,informal
Please confirm if received.,neutral
Please confirm if received.,formal
What's up? Got a sec to look over this?,informal
"Hey, just sent you the doc you asked for.",informal
Your message has been received.,neutral
Thank you for bringing this matter to our attention.,formal
We would appreciate your confirmation at the earliest convenience.,formal
The document has been submitted.,neutral
Thank you for bringing this matter to our attention.,formal
Kindly find the requested information attached for your perusal.,formal
Can you believe what happened yesterday?,neutral
It would be greatly appreciated if you could adhere to the deadline.,formal
The document has been submitted.,neutral
Your feedback regarding the recent updates is highly valuable.,formal
No issues found during the check.,neutral
Your feedback regarding the recent updates is highly valuable.,formal
It would be greatly appreciated if you could adhere to the deadline.,formal
"Thanks a bunch, you're the best!",informal
Meeting scheduled for 3 PM tomorrow.,neutral
What's up? Got a sec to look over this?,informal
The file has been uploaded to the shared folder.,informal
Please ensure all fields are completed before submission.,formal
We thank you for your continued support and collaboration.,neutral
Please ensure all fields are completed before submission.,formal
We would appreciate your confirmation at the earliest convenience.,formal
"Thanks a bunch, you're the best!",informal
Wanna meet up later?,informal
Yo! That idea was lit ðŸ˜‚,informal
Your feedback regarding the recent updates is highly valuable.,formal
No issues found during the check.,neutral
Please ensure all fields are completed before submission.,formal
"Thanks a bunch, you're the best!",informal
Please ensure all fields are completed before submission.,informal
We thank you for your continued support and collaboration.,neutral
Please confirm if received.,neutral
Please ensure all fields are completed before submission.,formal
Thanks for the update.,informal
Catch you on the flip side.,informal
Sup! Just wanted to say hey.,informal
Can you believe what happened yesterday?,informal
Please be informed that your appointment is scheduled for next Friday.,informal
"Ugh, Mondays... Am I right?",informal
Your message has been received.,neutral
Enclosed herewith is the invoice for the aforementioned services.,formal
Your message has been received.,neutral
Sup! Just wanted to say hey.,neutral
Thank you for bringing this matter to our attention.,formal
"Hey, just sent you the doc you asked for.",informal
The document has been submitted.,neutral
What's up? Got a sec to look over this?,informal
Sup! Just wanted to say hey.,informal
"Hey, just sent you the doc you asked for.",informal
Thank you for bringing this matter to our attention.,formal
We thank you for your continued support and collaboration.,formal
"Ugh, Mondays... Am I right?",informal
"Haha, I knew you'd love that one!",neutral
Wanna meet up later?,informal
I'll get back to you after reviewing this.,neutral
Catch you on the flip side.,formal
Enclosed herewith is the invoice for the aforementioned services.,formal
Please be informed that your appointment is scheduled for next Friday.,formal
Please ensure all fields are completed before submission.,formal
Please be informed that your appointment is scheduled for next Friday.,formal
Meeting scheduled for 3 PM tomorrow.,neutral
"Thanks a bunch, you're the best!",informal
We would appreciate your confirmation at the earliest convenience.,formal
It would be greatly appreciated if you could adhere to the deadline.,formal
Please ensure all fields are completed before submission.,formal
"Ugh, Mondays... Am I right?",formal
Please ensure all fields are completed before submission.,formal
Catch you on the flip side.,informal
"Noted, will proceed accordingly.",neutral
Thank you for bringing this matter to our attention.,formal
Wanna meet up later?,informal
What's up? Got a sec to look over this?,informal
"Hey, just sent you the doc you asked for.",informal
Catch you on the flip side.,informal
I'll get back to you after reviewing this.,neutral
Meeting scheduled for 3 PM tomorrow.,neutral
Catch you on the flip side.,informal
Meeting scheduled for 3 PM tomorrow.,neutral
It would be greatly appreciated if you could adhere to the deadline.,formal
The document has been submitted.,neutral
Please be informed that your appointment is scheduled for next Friday.,formal
Please ensure all fields are completed before submission.,formal
The file has been uploaded to the shared folder.,neutral
Wanna meet up later?,informal
We acknowledge receipt of your query and will respond shortly.,formal
"Haha, I knew you'd love that one!",informal
I'll get back to you after reviewing this.,informal
We thank you for your continued support and collaboration.,formal
Kindly find the requested information attached for your perusal.,formal
We would appreciate your confirmation at the earliest convenience.,formal
"Hey, just sent you the doc you asked for.",informal
Kindly find the requested information attached for your perusal.,formal
No issues found during the check.,neutral
"Thanks a bunch, you're the best!",informal
I'll get back to you after reviewing this.,neutral
Wanna meet up later?,informal
"Hey, just sent you the doc you asked for.",informal
Your message has been received.,neutral
The report looks fine.,informal
"Noted, will proceed accordingly.",neutral
Please be informed that your appointment is scheduled for next Friday.,neutral
Thanks for the update.,neutral
We acknowledge receipt of your query and will respond shortly.,informal
Your message has been received.,neutral
Wanna meet up later?,informal
"Noted, will proceed accordingly.",formal
"Haha, I knew you'd love that one!",informal
Yo! That idea was lit ðŸ˜‚,informal
Yo! That idea was lit ðŸ˜‚,informal
Meeting scheduled for 3 PM tomorrow.,neutral
We acknowledge receipt of your query and will respond shortly.,formal
Please ensure all fields are completed before submission.,formal
Please be informed that your appointment is scheduled for next Friday.,formal
We thank you for your continued support and collaboration.,informal
Enclosed herewith is the invoice for the aforementioned services.,neutral
The document has been submitted.,neutral
The file has been uploaded to the shared folder.,neutral
Catch you on the flip side.,informal
The report looks fine.,neutral
No issues found during the check.,neutral
Sup! Just wanted to say hey.,informal
Yo! That idea was lit ðŸ˜‚,informal
Sup! Just wanted to say hey.,informal
Enclosed herewith is the invoice for the aforementioned services.,formal
The file has been uploaded to the shared folder.,neutral
Sup! Just wanted to say hey.,informal
Please confirm if received.,neutral
Please confirm if received.,neutral
Wanna meet up later?,informal
The file has been uploaded to the shared folder.,neutral
Yo! That idea was lit ðŸ˜‚,informal
The document has been submitted.,neutral
It would be greatly appreciated if you could adhere to the deadline.,formal
We acknowledge receipt of your query and will respond shortly.,formal
"Hey, just sent you the doc you asked for.",informal
Please ensure all fields are completed before submission.,formal
"Noted, will proceed accordingly.",neutral
Yo! That idea was lit ðŸ˜‚,informal
"Haha, I knew you'd love that one!",informal
Your feedback regarding the recent updates is highly valuable.,formal
The document has been submitted.,neutral
The file has been uploaded to the shared folder.,neutral
Sup! Just wanted to say hey.,informal
Thanks for the update.,neutral
Your message has been received.,neutral
We would appreciate your confirmation at the earliest convenience.,formal
What's up? Got a sec to look over this?,informal
Please ensure all fields are completed before submission.,formal
We thank you for your continued support and collaboration.,formal
The document has been submitted.,neutral
We acknowledge receipt of your query and will respond shortly.,formal
Wanna meet up later?,informal
The document has been submitted.,neutral
Catch you on the flip side.,informal
"Hey, just sent you the doc you asked for.",informal
Thank you for bringing this matter to our attention.,formal
We acknowledge receipt of your query and will respond shortly.,formal
Please confirm if received.,neutral
"Ugh, Mondays... Am I right?",informal
Can you believe what happened yesterday?,informal
"Thanks a bunch, you're the best!",informal
Wanna meet up later?,informal
The file has been uploaded to the shared folder.,neutral
Enclosed herewith is the invoice for the aforementioned services.,formal
Please confirm if received.,neutral
Your feedback regarding the recent updates is highly valuable.,neutral
Enclosed herewith is the invoice for the aforementioned services.,formal
Enclosed herewith is the invoice for the aforementioned services.,formal
Can you believe what happened yesterday?,informal
Please ensure all fields are completed before submission.,formal
We would appreciate your confirmation at the earliest convenience.,formal
The file has been uploaded to the shared folder.,neutral
Please ensure all fields are completed before submission.,formal
Catch you on the flip side.,informal
It would be greatly appreciated if you could adhere to the deadline.,formal
We would appreciate your confirmation at the earliest convenience.,formal
"Hey, just sent you the doc you asked for.",informal
Can you believe what happened yesterday?,informal
Your feedback regarding the recent updates is highly valuable.,formal
We thank you for your continued support and collaboration.,formal
Your message has been received.,neutral
Sup! Just wanted to say hey.,informal
It would be greatly appreciated if you could adhere to the deadline.,formal
Enclosed herewith is the invoice for the aforementioned services.,formal
"Ugh, Mondays... Am I right?",informal
What's up? Got a sec to look over this?,informal
Please ensure all fields are completed before submission.,formal
We would appreciate your confirmation at the earliest convenience.,formal
Wanna meet up later?,informal
Can you believe what happened yesterday?,informal
Thank you for bringing this matter to our attention.,formal
Your message has been received.,neutral
Please be informed that your appointment is scheduled for next Friday.,formal
Can you believe what happened yesterday?,informal
Sup! Just wanted to say hey.,informal
Thank you for bringing this matter to our attention.,formal
"Noted, will proceed accordingly.",neutral
It would be greatly appreciated if you could adhere to the deadline.,formal
Catch you on the flip side.,neutral
Please ensure all fields are completed before submission.,formal
What's up? Got a sec to look over this?,informal
Can you believe what happened yesterday?,informal
Sup! Just wanted to say hey.,informal
The file has been uploaded to the shared folder.,neutral
Your message has been received.,neutral
The file has been uploaded to the shared folder.,neutral
Catch you on the flip side.,informal
We would appreciate your confirmation at the earliest convenience.,formal
Thanks for the update.,neutral
Please ensure all fields are completed before submission.,formal
No issues found during the check.,neutral
Please ensure all fields are completed before submission.,formal
We would appreciate your confirmation at the earliest convenience.,formal
The document has been submitted.,neutral
Meeting scheduled for 3 PM tomorrow.,neutral
"Hey, just sent you the doc you asked for.",informal
No issues found during the check.,neutral
We thank you for your continued support and collaboration.,formal
Yo! That idea was lit ðŸ˜‚,informal
Yo! That idea was lit ðŸ˜‚,informal
It would be greatly appreciated if you could adhere to the deadline.,formal
Kindly find the requested information attached for your perusal.,formal
Please ensure all fields are completed before submission.,formal
Please be informed that your appointment is scheduled for next Friday.,neutral
"Ugh, Mondays... Am I right?",neutral
The document has been submitted.,neutral
The file has been uploaded to the shared folder.,neutral
No issues found during the check.,neutral
The document has been submitted.,neutral
Catch you on the flip side.,informal
"Noted, will proceed accordingly.",neutral
The file has been uploaded to the shared folder.,neutral
Thank you for bringing this matter to our attention.,formal
Wanna meet up later?,informal
Your message has been received.,neutral
Enclosed herewith is the invoice for the aforementioned services.,formal
We thank you for your continued support and collaboration.,formal
Enclosed herewith is the invoice for the aforementioned services.,formal
We would appreciate your confirmation at the earliest convenience.,formal
The report looks fine.,neutral
Please ensure all fields are completed before submission.,formal
Catch you on the flip side.,informal
Kindly find the requested information attached for your perusal.,formal
Enclosed herewith is the invoice for the aforementioned services.,formal
It would be greatly appreciated if you could adhere to the deadline.,formal
We thank you for your continued support and collaboration.,neutral
"Thanks a bunch, you're the best!",informal
Your message has been received.,neutral
We would appreciate your confirmation at the earliest convenience.,formal
Thank you for bringing this matter to our attention.,formal
We acknowledge receipt of your query and will respond shortly.,formal
Yo! That idea was lit ðŸ˜‚,informal
The file has been uploaded to the shared folder.,neutral
Please confirm if received.,neutral
Enclosed herewith is the invoice for the aforementioned services.,formal
"Haha, I knew you'd love that one!",informal
The file has been uploaded to the shared folder.,neutral
Sup! Just wanted to say hey.,informal
Your message has been received.,neutral
The report looks fine.,neutral
No issues found during the check.,neutral
The document has been submitted.,neutral
The report looks fine.,neutral
I'll get back to you after reviewing this.,neutral
Kindly find the requested information attached for your perusal.,formal
What's up? Got a sec to look over this?,informal
Your message has been received.,neutral
"Haha, I knew you'd love that one!",informal
"Noted, will proceed accordingly.",neutral
Catch you on the flip side.,informal
Catch you on the flip side.,informal
Your feedback regarding the recent updates is highly valuable.,informal
What's up? Got a sec to look over this?,informal
We thank you for your continued support and collaboration.,informal
Please ensure all fields are completed before submission.,formal
"Ugh, Mondays... Am I right?",informal
The document has been submitted.,neutral
"Noted, will proceed accordingly.",neutral
"Ugh, Mondays... Am I right?",informal
Please be informed that your appointment is scheduled for next Friday.,formal
Can you believe what happened yesterday?,informal
It would be greatly appreciated if you could adhere to the deadline.,formal
Your message has been received.,neutral
Thanks for the update.,neutral
Thanks for the update.,informal
Kindly find the requested information attached for your perusal.,formal
Can you believe what happened yesterday?,informal
"Noted, will proceed accordingly.",neutral
Thanks for the update.,neutral
Please be informed that your appointment is scheduled for next Friday.,formal
No issues found during the check.,formal
What's up? Got a sec to look over this?,informal
The document has been submitted.,neutral
Your feedback regarding the recent updates is highly valuable.,formal
Thanks for the update.,neutral
The document has been submitted.,neutral
Yo! That idea was lit ðŸ˜‚,informal
Please be informed that your appointment is scheduled for next Friday.,formal
Catch you on the flip side.,informal
"Haha, I knew you'd love that one!",informal
Wanna meet up later?,informal
Meeting scheduled for 3 PM tomorrow.,neutral
Kindly find the requested information attached for your perusal.,formal
The document has been submitted.,neutral
No issues found during the check.,neutral
"Ugh, Mondays... Am I right?",informal
Catch you on the flip side.,informal
It would be greatly appreciated if you could adhere to the deadline.,formal
Your message has been received.,neutral
Thank you for bringing this matter to our attention.,formal
It would be greatly appreciated if you could adhere to the deadline.,formal
"Haha, I knew you'd love that one!",informal
It would be greatly appreciated if you could adhere to the deadline.,formal
Wanna meet up later?,informal
"Hey, just sent you the doc you asked for.",informal
"Ugh, Mondays... Am I right?",informal
Catch you on the flip side.,informal
Your message has been received.,neutral
"Thanks a bunch, you're the best!",informal
Enclosed herewith is the invoice for the aforementioned services.,formal
Can you believe what happened yesterday?,informal
Your message has been received.,neutral
"Ugh, Mondays... Am I right?",informal
Wanna meet up later?,informal
What's up? Got a sec to look over this?,informal
Thanks for the update.,neutral
"Noted, will proceed accordingly.",neutral
We acknowledge receipt of your query and will respond shortly.,informal
"Hey, just sent you the doc you asked for.",informal
We acknowledge receipt of your query and will respond shortly.,formal
Kindly find the requested information attached for your perusal.,formal
What's up? Got a sec to look over this?,informal
"Noted, will proceed accordingly.",neutral
No issues found during the check.,neutral
Kindly find the requested information attached for your perusal.,formal
"Thanks a bunch, you're the best!",informal
Please confirm if received.,neutral
Thank you for bringing this matter to our attention.,formal
We would appreciate your confirmation at the earliest convenience.,formal
I'll get back to you after reviewing this.,neutral
I'll get back to you after reviewing this.,neutral
We would appreciate your confirmation at the earliest convenience.,formal
"Noted, will proceed accordingly.",neutral
We acknowledge receipt of your query and will respond shortly.,formal
"Ugh, Mondays... Am I right?",informal
Sup! Just wanted to say hey.,informal
Your feedback regarding the recent updates is highly valuable.,formal
We acknowledge receipt of your query and will respond shortly.,formal
Your message has been received.,neutral
Can you believe what happened yesterday?,informal
The document has been submitted.,neutral
Please ensure all fields are completed before submission.,informal
Yo! That idea was lit ðŸ˜‚,formal
The document has been submitted.,neutral
Yo! That idea was lit ðŸ˜‚,informal
"Haha, I knew you'd love that one!",informal
The document has been submitted.,neutral
I'll get back to you after reviewing this.,neutral
"Haha, I knew you'd love that one!",informal
Your feedback regarding the recent updates is highly valuable.,formal
Yo! That idea was lit ðŸ˜‚,informal
We would appreciate your confirmation at the earliest convenience.,formal
Please ensure all fields are completed before submission.,formal
Catch you on the flip side.,informal
Please be informed that your appointment is scheduled for next Friday.,formal
"Noted, will proceed accordingly.",neutral
We would appreciate your confirmation at the earliest convenience.,formal
"Haha, I knew you'd love that one!",neutral
Please confirm if received.,neutral
What's up? Got a sec to look over this?,informal
"Noted, will proceed accordingly.",neutral
Please confirm if received.,neutral
"Noted, will proceed accordingly.",neutral
Your feedback regarding the recent updates is highly valuable.,formal
Can you believe what happened yesterday?,informal
Wanna meet up later?,informal
The file has been uploaded to the shared folder.,neutral
Thanks for the update.,neutral
Please be informed that your appointment is scheduled for next Friday.,formal
Your feedback regarding the recent updates is highly valuable.,formal
Please be informed that your appointment is scheduled for next Friday.,formal
I'll get back to you after reviewing this.,neutral
Yo! That idea was lit ðŸ˜‚,informal
What's up? Got a sec to look over this?,informal
"Thanks a bunch, you're the best!",informal
"Thanks a bunch, you're the best!",informal
Please ensure all fields are completed before submission.,formal
"Thanks a bunch, you're the best!",informal
Wanna meet up later?,informal
Please be informed that your appointment is scheduled for next Friday.,formal
Please ensure all fields are completed before submission.,formal
"Ugh, Mondays... Am I right?",informal
Please confirm if received.,neutral
Please confirm if received.,neutral
Please be informed that your appointment is scheduled for next Friday.,formal
What's up? Got a sec to look over this?,informal
Please be informed that your appointment is scheduled for next Friday.,formal
Wanna meet up later?,informal
"Noted, will proceed accordingly.",neutral
No issues found during the check.,neutral
"Thanks a bunch, you're the best!",informal
No issues found during the check.,neutral
The report looks fine.,informal
We would appreciate your confirmation at the earliest convenience.,formal
Sup! Just wanted to say hey.,informal
Yo! That idea was lit ðŸ˜‚,informal
Please be informed that your appointment is scheduled for next Friday.,formal
I'll get back to you after reviewing this.,neutral
Enclosed herewith is the invoice for the aforementioned services.,formal
We would appreciate your confirmation at the earliest convenience.,formal
Please confirm if received.,neutral
"Ugh, Mondays... Am I right?",informal
We acknowledge receipt of your query and will respond shortly.,neutral
The file has been uploaded to the shared folder.,neutral
Your message has been received.,neutral
Please ensure all fields are completed before submission.,formal
We would appreciate your confirmation at the earliest convenience.,formal
Sup! Just wanted to say hey.,informal
Meeting scheduled for 3 PM tomorrow.,neutral
Wanna meet up later?,informal
Thanks for the update.,neutral
Wanna meet up later?,informal
Yo! That idea was lit ðŸ˜‚,informal
I'll get back to you after reviewing this.,neutral
Catch you on the flip side.,informal
Thanks for the update.,neutral
Thanks for the update.,neutral
Kindly find the requested information attached for your perusal.,formal
"Hey, just sent you the doc you asked for.",informal
We thank you for your continued support and collaboration.,formal
Enclosed herewith is the invoice for the aforementioned services.,formal
Your feedback regarding the recent updates is highly valuable.,formal
We thank you for your continued support and collaboration.,formal
Wanna meet up later?,informal
It would be greatly appreciated if you could adhere to the deadline.,formal
Kindly find the requested information attached for your perusal.,formal
Sup! Just wanted to say hey.,informal
"Hey, just sent you the doc you asked for.",informal
The document has been submitted.,neutral
The file has been uploaded to the shared folder.,neutral
I'll get back to you after reviewing this.,formal
No issues found during the check.,neutral
"Noted, will proceed accordingly.",neutral
Please confirm if received.,neutral
Wanna meet up later?,informal
The report looks fine.,neutral
Can you believe what happened yesterday?,informal
Can you believe what happened yesterday?,informal
Can you believe what happened yesterday?,informal
"Hey, just sent you the doc you asked for.",informal
The report looks fine.,neutral
Your feedback regarding the recent updates is highly valuable.,formal
Sup! Just wanted to say hey.,informal
Thanks for the update.,neutral
"Hey, just sent you the doc you asked for.",informal
The file has been uploaded to the shared folder.,neutral
Please confirm if received.,neutral
I'll get back to you after reviewing this.,neutral
Your message has been received.,neutral
Sup! Just wanted to say hey.,informal
Meeting scheduled for 3 PM tomorrow.,neutral
Thank you for bringing this matter to our attention.,formal
"Hey, just sent you the doc you asked for.",informal
No issues found during the check.,neutral
Catch you on the flip side.,informal
It would be greatly appreciated if you could adhere to the deadline.,formal
Kindly find the requested information attached for your perusal.,formal
Thanks for the update.,neutral
No issues found during the check.,neutral
We thank you for your continued support and collaboration.,formal
"Thanks a bunch, you're the best!",informal
It would be greatly appreciated if you could adhere to the deadline.,formal
Catch you on the flip side.,informal
Sup! Just wanted to say hey.,informal
I'll get back to you after reviewing this.,neutral
Can you believe what happened yesterday?,informal
Your message has been received.,neutral
Yo! That idea was lit ðŸ˜‚,informal
Thanks for the update.,neutral
No issues found during the check.,neutral
Catch you on the flip side.,informal
"Hey, just sent you the doc you asked for.",informal
Please confirm if received.,neutral
Thanks for the update.,neutral
No issues found during the check.,neutral
"Haha, I knew you'd love that one!",informal
Please ensure all fields are completed before submission.,formal
Enclosed herewith is the invoice for the aforementioned services.,formal
Sup! Just wanted to say hey.,informal
Can you believe what happened yesterday?,informal
"Hey, just sent you the doc you asked for.",informal
Catch you on the flip side.,informal
Kindly find the requested information attached for your perusal.,formal
"Noted, will proceed accordingly.",neutral
The file has been uploaded to the shared folder.,neutral
We thank you for your continued support and collaboration.,neutral
The file has been uploaded to the shared folder.,neutral
No issues found during the check.,neutral
Please ensure all fields are completed before submission.,formal
Catch you on the flip side.,informal
We would appreciate your confirmation at the earliest convenience.,formal
No issues found during the check.,neutral
Please be informed that your appointment is scheduled for next Friday.,formal
Catch you on the flip side.,informal
I'll get back to you after reviewing this.,neutral
No issues found during the check.,neutral
It would be greatly appreciated if you could adhere to the deadline.,formal
I'll get back to you after reviewing this.,neutral
Enclosed herewith is the invoice for the aforementioned services.,formal
"Hey, just sent you the doc you asked for.",informal
No issues found during the check.,neutral
Please confirm if received.,neutral
Please ensure all fields are completed before submission.,formal
Please be informed that your appointment is scheduled for next Friday.,informal
Your feedback regarding the recent updates is highly valuable.,formal
Catch you on the flip side.,informal
"Ugh, Mondays... Am I right?",informal
It would be greatly appreciated if you could adhere to the deadline.,formal
The report looks fine.,neutral
It would be greatly appreciated if you could adhere to the deadline.,neutral
We acknowledge receipt of your query and will respond shortly.,formal
The file has been uploaded to the shared folder.,neutral
We acknowledge receipt of your query and will respond shortly.,formal
Thanks for the update.,neutral
I'll get back to you after reviewing this.,formal
The document has been submitted.,informal
Can you believe what happened yesterday?,informal
"Thanks a bunch, you're the best!",informal
Your message has been received.,neutral
Please confirm if received.,neutral
Catch you on the flip side.,formal
Kindly find the requested information attached for your perusal.,formal
"Thanks a bunch, you're the best!",informal
We would appreciate your confirmation at the earliest convenience.,formal
Kindly find the requested information attached for your perusal.,formal
We thank you for your continued support and collaboration.,formal
Please be informed that your appointment is scheduled for next Friday.,formal
The document has been submitted.,neutral
We would appreciate your confirmation at the earliest convenience.,formal
No issues found during the check.,neutral
Please ensure all fields are completed before submission.,neutral
Your message has been received.,neutral
"Ugh, Mondays... Am I right?",informal
"Ugh, Mondays... Am I right?",informal
The report looks fine.,neutral
No issues found during the check.,neutral
Yo! That idea was lit ðŸ˜‚,informal
Your feedback regarding the recent updates is highly valuable.,formal
Thanks for the update.,neutral
"Hey, just sent you the doc you asked for.",informal
We thank you for your continued support and collaboration.,formal
The report looks fine.,neutral
Catch you on the flip side.,informal
We would appreciate your confirmation at the earliest convenience.,formal
"Hey, just sent you the doc you asked for.",informal
What's up? Got a sec to look over this?,informal
"Ugh, Mondays... Am I right?",informal
Thank you for bringing this matter to our attention.,formal
I'll get back to you after reviewing this.,neutral
The report looks fine.,neutral
Sup! Just wanted to say hey.,informal
The document has been submitted.,neutral
Thanks for the update.,neutral
"Hey, just sent you the doc you asked for.",informal
Please ensure all fields are completed before submission.,formal
No issues found during the check.,neutral
We acknowledge receipt of your query and will respond shortly.,formal
We thank you for your continued support and collaboration.,formal
We thank you for your continued support and collaboration.,neutral
The file has been uploaded to the shared folder.,neutral
Thanks for the update.,neutral
Yo! That idea was lit ðŸ˜‚,informal
Thanks for the update.,neutral
We thank you for your continued support and collaboration.,formal
Kindly find the requested information attached for your perusal.,formal
Can you believe what happened yesterday?,informal
What's up? Got a sec to look over this?,informal
Please ensure all fields are completed before submission.,formal
Thanks for the update.,neutral
Your message has been received.,neutral
The document has been submitted.,neutral
We thank you for your continued support and collaboration.,formal
Catch you on the flip side.,informal
Your feedback regarding the recent updates is highly valuable.,formal
Please be informed that your appointment is scheduled for next Friday.,formal
Wanna meet up later?,informal
What's up? Got a sec to look over this?,informal
Enclosed herewith is the invoice for the aforementioned services.,formal
The report looks fine.,neutral
Your message has been received.,neutral
Enclosed herewith is the invoice for the aforementioned services.,formal
The document has been submitted.,neutral
Yo! That idea was lit ðŸ˜‚,informal
Thanks for the update.,neutral
We would appreciate your confirmation at the earliest convenience.,formal
"Noted, will proceed accordingly.",neutral
Please confirm if received.,neutral
Please confirm if received.,neutral
Kindly find the requested information attached for your perusal.,formal
Catch you on the flip side.,informal
Your feedback regarding the recent updates is highly valuable.,formal
Please ensure all fields are completed before submission.,formal
Enclosed herewith is the invoice for the aforementioned services.,formal
The report looks fine.,neutral
Kindly find the requested information attached for your perusal.,formal
Please confirm if received.,neutral
Please confirm if received.,neutral
Can you believe what happened yesterday?,informal
"Ugh, Mondays... Am I right?",informal
Please be informed that your appointment is scheduled for next Friday.,formal
"Noted, will proceed accordingly.",neutral
We thank you for your continued support and collaboration.,formal
The document has been submitted.,neutral
Please be informed that your appointment is scheduled for next Friday.,formal
Kindly find the requested information attached for your perusal.,formal
Wanna meet up later?,informal
Yo! That idea was lit ðŸ˜‚,informal
We would appreciate your confirmation at the earliest convenience.,informal
"Thanks a bunch, you're the best!",informal
Please confirm if received.,neutral
Meeting scheduled for 3 PM tomorrow.,neutral
"Noted, will proceed accordingly.",neutral
Enclosed herewith is the invoice for the aforementioned services.,formal
We thank you for your continued support and collaboration.,formal
Please confirm if received.,neutral
Kindly find the requested information attached for your perusal.,neutral
We thank you for your continued support and collaboration.,formal
It would be greatly appreciated if you could adhere to the deadline.,formal
Please ensure all fields are completed before submission.,formal
Yo! That idea was lit ðŸ˜‚,informal
Wanna meet up later?,informal
Catch you on the flip side.,informal
Yo! That idea was lit ðŸ˜‚,informal
Can you believe what happened yesterday?,informal
Meeting scheduled for 3 PM tomorrow.,neutral
Your message has been received.,neutral
Yo! That idea was lit ðŸ˜‚,informal
"Thanks a bunch, you're the best!",informal
Please be informed that your appointment is scheduled for next Friday.,formal
Yo! That idea was lit ðŸ˜‚,informal
Wanna meet up later?,informal
The document has been submitted.,neutral
The document has been submitted.,neutral
The report looks fine.,neutral
We would appreciate your confirmation at the earliest convenience.,formal
We would appreciate your confirmation at the earliest convenience.,formal
I'll get back to you after reviewing this.,neutral
No issues found during the check.,neutral
I'll get back to you after reviewing this.,neutral
We thank you for your continued support and collaboration.,informal
"Haha, I knew you'd love that one!",informal
The document has been submitted.,neutral
The document has been submitted.,neutral
Your message has been received.,neutral
We acknowledge receipt of your query and will respond shortly.,formal
We would appreciate your confirmation at the earliest convenience.,formal
Yo! That idea was lit ðŸ˜‚,informal
Thanks for the update.,neutral
"Hey, just sent you the doc you asked for.",informal
Please be informed that your appointment is scheduled for next Friday.,formal
The report looks fine.,neutral
No issues found during the check.,neutral
Your feedback regarding the recent updates is highly valuable.,formal
We acknowledge receipt of your query and will respond shortly.,neutral
It would be greatly appreciated if you could adhere to the deadline.,formal
"Thanks a bunch, you're the best!",informal
Please ensure all fields are completed before submission.,formal
Sup! Just wanted to say hey.,informal
"Ugh, Mondays... Am I right?",informal
"Thanks a bunch, you're the best!",neutral
"Haha, I knew you'd love that one!",informal
Thanks for the update.,neutral
Kindly find the requested information attached for your perusal.,formal
I'll get back to you after reviewing this.,neutral
Your feedback regarding the recent updates is highly valuable.,formal
It would be greatly appreciated if you could adhere to the deadline.,formal
I'll get back to you after reviewing this.,informal
We would appreciate your confirmation at the earliest convenience.,formal
We acknowledge receipt of your query and will respond shortly.,formal
The report looks fine.,neutral
The file has been uploaded to the shared folder.,neutral
Please ensure all fields are completed before submission.,formal
Your feedback regarding the recent updates is highly valuable.,formal
Sup! Just wanted to say hey.,informal
No issues found during the check.,neutral
Wanna meet up later?,informal
"Haha, I knew you'd love that one!",informal
Thank you for bringing this matter to our attention.,formal
What's up? Got a sec to look over this?,informal
Enclosed herewith is the invoice for the aforementioned services.,formal
Catch you on the flip side.,informal
We would appreciate your confirmation at the earliest convenience.,formal
It would be greatly appreciated if you could adhere to the deadline.,formal
Your feedback regarding the recent updates is highly valuable.,informal
It would be greatly appreciated if you could adhere to the deadline.,formal
"Noted, will proceed accordingly.",neutral
"Ugh, Mondays... Am I right?",informal
Thank you for bringing this matter to our attention.,neutral
The document has been submitted.,neutral
Thanks for the update.,neutral
The report looks fine.,neutral
Yo! That idea was lit ðŸ˜‚,informal
Thanks for the update.,neutral
What's up? Got a sec to look over this?,informal
The report looks fine.,neutral
Kindly find the requested information attached for your perusal.,formal
Please confirm if received.,neutral
Your feedback regarding the recent updates is highly valuable.,formal
The document has been submitted.,neutral
Your feedback regarding the recent updates is highly valuable.,formal
Your message has been received.,neutral
I'll get back to you after reviewing this.,neutral
Please ensure all fields are completed before submission.,formal
Sup! Just wanted to say hey.,informal
Thank you for bringing this matter to our attention.,formal
Enclosed herewith is the invoice for the aforementioned services.,formal
"Ugh, Mondays... Am I right?",informal
We would appreciate your confirmation at the earliest convenience.,formal
The document has been submitted.,neutral
It would be greatly appreciated if you could adhere to the deadline.,formal
Enclosed herewith is the invoice for the aforementioned services.,formal
Please confirm if received.,neutral
We would appreciate your confirmation at the earliest convenience.,formal
Wanna meet up later?,informal
Please confirm if received.,neutral
Your message has been received.,neutral
Your message has been received.,neutral
The file has been uploaded to the shared folder.,neutral
Catch you on the flip side.,informal
What's up? Got a sec to look over this?,informal
Yo! That idea was lit ðŸ˜‚,informal
Please confirm if received.,neutral
"Ugh, Mondays... Am I right?",informal
We acknowledge receipt of your query and will respond shortly.,formal
Your message has been received.,neutral
Wanna meet up later?,informal
"Noted, will proceed accordingly.",neutral
"Haha, I knew you'd love that one!",informal
Please ensure all fields are completed before submission.,formal
Please be informed that your appointment is scheduled for next Friday.,formal
Wanna meet up later?,neutral
We acknowledge receipt of your query and will respond shortly.,formal
Your message has been received.,neutral
We acknowledge receipt of your query and will respond shortly.,formal
Your feedback regarding the recent updates is highly valuable.,formal
Thank you for bringing this matter to our attention.,formal
The document has been submitted.,neutral
Enclosed herewith is the invoice for the aforementioned services.,informal
"Thanks a bunch, you're the best!",informal
The document has been submitted.,neutral
Your message has been received.,neutral
Catch you on the flip side.,informal
The report looks fine.,neutral
We would appreciate your confirmation at the earliest convenience.,formal
Can you believe what happened yesterday?,informal
Catch you on the flip side.,informal
The document has been submitted.,neutral
Please confirm if received.,neutral
We acknowledge receipt of your query and will respond shortly.,formal
Can you believe what happened yesterday?,informal
We acknowledge receipt of your query and will respond shortly.,formal
"Haha, I knew you'd love that one!",informal
We would appreciate your confirmation at the earliest convenience.,formal
What's up? Got a sec to look over this?,informal
I'll get back to you after reviewing this.,neutral
Thanks for the update.,neutral
Kindly find the requested information attached for your perusal.,formal
Catch you on the flip side.,informal
"Haha, I knew you'd love that one!",informal
Thanks for the update.,neutral
"Noted, will proceed accordingly.",neutral
The report looks fine.,neutral
Yo! That idea was lit ðŸ˜‚,informal
Please ensure all fields are completed before submission.,formal
Wanna meet up later?,informal
We would appreciate your confirmation at the earliest convenience.,formal
Thank you for bringing this matter to our attention.,formal
"Ugh, Mondays... Am I right?",informal
I'll get back to you after reviewing this.,neutral
Kindly find the requested information attached for your perusal.,formal
Kindly find the requested information attached for your perusal.,formal
"Hey, just sent you the doc you asked for.",informal
"Thanks a bunch, you're the best!",informal
"Noted, will proceed accordingly.",informal
"Noted, will proceed accordingly.",neutral
I'll get back to you after reviewing this.,neutral
The file has been uploaded to the shared folder.,neutral
"Haha, I knew you'd love that one!",informal
The report looks fine.,neutral
The report looks fine.,neutral
"Ugh, Mondays... Am I right?",neutral
Enclosed herewith is the invoice for the aforementioned services.,formal
Yo! That idea was lit ðŸ˜‚,informal
Your feedback regarding the recent updates is highly valuable.,formal
What's up? Got a sec to look over this?,informal
Can you believe what happened yesterday?,formal
What's up? Got a sec to look over this?,informal
It would be greatly appreciated if you could adhere to the deadline.,formal
Enclosed herewith is the invoice for the aforementioned services.,formal
The document has been submitted.,neutral
Please be informed that your appointment is scheduled for next Friday.,formal
"Thanks a bunch, you're the best!",informal
Can you believe what happened yesterday?,informal
Thanks for the update.,neutral
Please be informed that your appointment is scheduled for next Friday.,formal
"Noted, will proceed accordingly.",neutral
The file has been uploaded to the shared folder.,neutral
Yo! That idea was lit ðŸ˜‚,informal
Catch you on the flip side.,informal
Please ensure all fields are completed before submission.,formal
Yo! That idea was lit ðŸ˜‚,formal
"Noted, will proceed accordingly.",neutral
The file has been uploaded to the shared folder.,neutral
Thank you for bringing this matter to our attention.,formal
Thank you for bringing this matter to our attention.,formal
Enclosed herewith is the invoice for the aforementioned services.,formal
Please be informed that your appointment is scheduled for next Friday.,formal
Please confirm if received.,neutral
We thank you for your continued support and collaboration.,formal
"Hey, just sent you the doc you asked for.",informal
Catch you on the flip side.,informal
Your feedback regarding the recent updates is highly valuable.,formal
Yo! That idea was lit ðŸ˜‚,informal
It would be greatly appreciated if you could adhere to the deadline.,formal
"Ugh, Mondays... Am I right?",informal
"Thanks a bunch, you're the best!",informal
Wanna meet up later?,informal
No issues found during the check.,neutral
It would be greatly appreciated if you could adhere to the deadline.,formal
Kindly find the requested information attached for your perusal.,formal
We would appreciate your confirmation at the earliest convenience.,formal
Please confirm if received.,neutral
Enclosed herewith is the invoice for the aforementioned services.,formal
Enclosed herewith is the invoice for the aforementioned services.,formal
The document has been submitted.,neutral
Please be informed that your appointment is scheduled for next Friday.,formal
"Thanks a bunch, you're the best!",informal
Your feedback regarding the recent updates is highly valuable.,formal
It would be greatly appreciated if you could adhere to the deadline.,neutral
Enclosed herewith is the invoice for the aforementioned services.,formal
Can you believe what happened yesterday?,informal
Please confirm if received.,neutral
The report looks fine.,neutral
We would appreciate your confirmation at the earliest convenience.,formal
We acknowledge receipt of your query and will respond shortly.,formal
No issues found during the check.,neutral
We thank you for your continued support and collaboration.,formal
"Ugh, Mondays... Am I right?",neutral
We thank you for your continued support and collaboration.,formal
Yo! That idea was lit ðŸ˜‚,informal
"Haha, I knew you'd love that one!",informal
"Thanks a bunch, you're the best!",informal
Please confirm if received.,neutral
What's up? Got a sec to look over this?,neutral
Your feedback regarding the recent updates is highly valuable.,formal
Meeting scheduled for 3 PM tomorrow.,neutral
Thanks for the update.,neutral
Thanks for the update.,neutral
Please be informed that your appointment is scheduled for next Friday.,formal
The report looks fine.,neutral
It would be greatly appreciated if you could adhere to the deadline.,formal
No issues found during the check.,neutral
I'll get back to you after reviewing this.,neutral
Kindly find the requested information attached for your perusal.,formal
Catch you on the flip side.,informal
"Haha, I knew you'd love that one!",informal
The document has been submitted.,informal
We acknowledge receipt of your query and will respond shortly.,formal
We would appreciate your confirmation at the earliest convenience.,formal
Wanna meet up later?,informal
We thank you for your continued support and collaboration.,formal
Your message has been received.,neutral
What's up? Got a sec to look over this?,informal
We would appreciate your confirmation at the earliest convenience.,formal
Please be informed that your appointment is scheduled for next Friday.,formal
